Jz6J5&jw<r;Alice;2000-01-01;Sales;3
45+ohJm&dB;Bob;1989-10-13;Production;6
ßl0W_tbm5Z;Cecil;1993-04-04;Sales;5
Jz6J5&jw<r;Alice;2000-01-01;Sales;3
45+ohJm&dB;Bob;1989-10-13;Production;6
ßl0W_tbm5Z;Cecil;1993-04-04;Sales;5
Jz6J5&jw<r;Alice;2000-01-01;Sales;3
45+ohJm&dB;Bob;1989-10-13;Production;6
ßl0W_tbm5Z;Cecil;1993-04-04;Sales;5
Jz6J5&jw<r;Alice;2000-01-01;Sales;3
45+ohJm&dB;Bob;1989-10-13;Production;6
ßl0W_tbm5Z;Cecil;1993-04-04;Sales;5
2voL_2_Rry;ddf;2020-08-23;ddd;4
test_2;r;t;y;u
test_4;a;sgd;sr;sf
test_5;Cecil;1993-04-04;Sales;5
test_6;Cecil;1993-04-04;Sales;5
test_7;Cecil;1993-04-04;Sales;5
afIzDq8+3+;jrenjnce;enrcrb;nerb ;bnecer c
M-shlVc5_6;gfdgdf;dfg;gdfg;gdfg
